{
    "package_version": "1.0",
    "id": "e9be182d-3c2d-48d0-9f8b-8e014252aaea",
    "type": "client-app",
    "name": "Add-on containing tiles(s)",
    "description": "Tiles: [sampletile-table]",
    "minimum_version": "0000",
    "icon_16": "extension-16.png",
    "icon_48": "extension-48.png",
    "icon_128": "extension-128.png",
    "status": "available",
    "released_on": "2013-03-08T19:11:11.234Z",
    "register_url": "%serviceURL%/jive/oauth/register",
    "unregister_url": "%serviceURL%/jive/oauth/unregister",
    "service_url": "http://stone.center-tag.net",
    "redirect_url": "%serviceURL%"
}